Workbook

Sheet Customer Information
A1: NovaCRM – New Customer Onboarding
A2: How to use: make a copy per customer. Fill the yellow cells (most are pre-filled by the Intake & Communication agents). Grey cells are calculated. Column C shows an example of the expected format.
A4: Field | B4: Value | C4: Example (format) | D4: Source / notes
A5: Customer (company) name | C5: Acme Corp | D5: Deal email – Agent 1
A6: Customer primary contact name | C6: Jane Doe | D6: Deal email – Agent 1
A7: Customer primary contact email | C7: jane.doe@acme.com | D7: Deal email – Agent 1; invited to Slack
A8: Account Executive (AE) | C8: Raj Kumar | D8: Deal email – Agent 1
A9: AE email | C9: raj.kumar@novacrm.com | D9: Sender of the deal email
A10: AE phone (E.164) | C10: +919876543210 | D10: AE directory – used for the tier call
A11: Salesforce opportunity link | C11: https://novacrm.my.salesforce.com/006XXXXXXXXXXXX | D11: Deal email – required field
A12: Signed Order Form link(s) | C12: https://drive.example.com/acme-order-form.pdf | D12: AE / Deal desk
A13: Plan tier | C13: Enterprise | D13: Confirmed by AE on the phone – never guessed
A14: Tier confirmed via | C14: Voice call | D14: Voice call (Agent 1) or Manual (CS Manager)
A15: Tier confirmed on | C15: 2026-10-07 | D15: Date of confirmation
A16: Onboarding duration (days) | B16: =IF($B$13="Enterprise",30,IF($B$13="Growth",14,"")) | C16: 30 | D16: Enterprise 30 / Growth 14
A17: CSM model | B17: =IF($B$13="Enterprise","Dedicated CSM",IF($B$13="Growth","Pooled CSM","")) | C17: Dedicated CSM | D17: Enterprise dedicated / Growth pooled
A18: CSM – Rocketlane Project Owner | C18: Asha Menon | D18: Gets 4-day overdue escalations
A19: CS Manager – Rocketlane Project Manager | C19: Priya | D19: Gets 1-day overdue escalations
A20: Onboarding start date | C20: 2026-10-08 | D20: Rocketlane project start
A21: Target go-live / end date | B21: =IF(OR($B$20="",$B$16=""),"",$B$20+$B$16-1) | C21: 2026-11-06 | D21: Start + duration − 1
A22: Rocketlane project link | C22: https://novacrm.rocketlane.com/projects/4242 | D22: Created by Agent 1
A23: Shared Slack channel | C23: #nova-ent-acme-corp | D23: Created by Agent 2
A24: Kickoff call date | C24: 2026-10-10 | D24: Task 13
A25: Data migration signed off by (customer name, date) | C25: Jane Doe, 2026-10-22 | D25: Task 19 – required before Go-Live
A26: Ongoing support owner after handoff | C26: Support team – EMEA pod | D26: Task 27

Sheet Onboarding Checklist
A1: Onboarding Checklist
A2: Customer | C2: ='Customer Information'!B5 -> 0 | E2: Tasks | F2: =COUNTA(C9:C38) -> 30 | H2: Legend: yellow = fill in · grey = calculated · Done by in blue = done automatically by an agent (just verify).
A3: Plan tier | C3: ='Customer Information'!B13 -> 0 | E3: Done / N/A | F3: =COUNTIF(K9:K38,"Done")+COUNTIF(K9:K38,"N/A") -> 0 | H3: Due date = start date + the tier's day offset. Rows turn red when overdue, amber when Blocked.
A4: Start date | C4: ='Customer Information'!B20 -> 0 | E4: % complete | F4: =IF(F2=0,0,F3/F2) -> 0
A5: Target go-live / end | C5: ='Customer Information'!B21 | E5: Overdue | F5: =SUMPRODUCT((J9:J38<>"")*(J9:J38<TODAY())*(K9:K38<>"Done")*(K9:K38<>"N/A")) -> 0
E6: Blocked | F6: =COUNTIF(K9:K38,"Blocked") -> 0
A8: # | B8: Phase | C8: Task | D8: Details / checklist | E8: Owner | F8: Done by | G8: In Rocketlane template | H8: Enterprise day | I8: Growth day | J8: Due date | K8: Status | L8: Completed on | M8: Link / evidence | N8: Notes
A9: 1 | B9: 0. Intake & Setup | C9: Receive deal notification email from AE | D9: Detected in the CS inbox (Gmail → Pub/Sub); closed-deal email validated | E9: Agent 1 | F9: Agent 1 – Intake (auto) | G9: No | H9: 0 | I9: 0 | J9: =IF(OR('Customer Information'!$B$20="",'Customer Information'!$B$13=""),"",'Customer Information'!$B$20+IF('Customer Information'!$B$13="Enterprise",H9,I9)-IF(IF('Customer Information'!$B$13="Enterprise",H9,I9)=0,0,1)) | K9: Not started
A10: 2 | B10: 0. Intake & Setup | C10: Validate required deal details | D10: Customer name · contact email · AE name/email · Salesforce opportunity link. If anything is missing: email the AE and wait – never guess | E10: Agent 1 | F10: Agent 1 – Intake (auto) | G10: No | H10: 0 | I10: 0 | J10: =IF(OR('Customer Information'!$B$20="",'Customer Information'!$B$13=""),"",'Customer Information'!$B$20+IF('Customer Information'!$B$13="Enterprise",H10,I10)-IF(IF('Customer Information'!$B$13="Enterprise",H10,I10)=0,0,1)) | K10: Not started
A11: 3 | B11: 0. Intake & Setup | C11: Confirm plan tier with the AE by phone | D11: Ask Enterprise or Growth → read back → AE confirms. Retry up to 3× in AE working hours, then escalate to CS Manager | E11: Agent 1 / CS Manager | F11: Agent 1 – Intake (auto) | G11: No | H11: 0 | I11: 0 | J11: =IF(OR('Customer Information'!$B$20="",'Customer Information'!$B$13=""),"",'Customer Information'!$B$20+IF('Customer Information'!$B$13="Enterprise",H11,I11)-IF(IF('Customer Information'!$B$13="Enterprise",H11,I11)=0,0,1)) | K11: Not started
A12: 4 | B12: 0. Intake & Setup | C12: Complete the Customer Information tab | D12: Check every pre-filled field; fill any gaps | E12: CSM | F12: Manual | G12: No | H12: 1 | I12: 1 | J12: =IF(OR('Customer Information'!$B$20="",'Customer Information'!$B$13=""),"",'Customer Information'!$B$20+IF('Customer Information'!$B$13="Enterprise",H12,I12)-IF(IF('Customer Information'!$B$13="Enterprise",H12,I12)=0,0,1)) | K12: Not started
A13: 5 | B13: 0. Intake & Setup | C13: Insert links to Salesforce opportunity and signed Order Form(s) | D13: Add to Customer Information and the Rocketlane project | E13: CSM / AE | F13: Manual | G13: No | H13: 1 | I13: 1 | J13: =IF(OR('Customer Information'!$B$20="",'Customer Information'!$B$13=""),"",'Customer Information'!$B$20+IF('Customer Information'!$B$13="Enterprise",H13,I13)-IF(IF('Customer Information'!$B$13="Enterprise",H13,I13)=0,0,1)) | K13: Not started
A14: 6 | B14: 0. Intake & Setup | C14: Create Rocketlane project from the tier template | D14: Enterprise 30-day or Growth 14-day template, chosen from the confirmed tier | E14: Agent 1 | F14: Agent 1 – Intake (auto) | G14: No | H14: 0 | I14: 0 | J14: =IF(OR('Customer Information'!$B$20="",'Customer Information'!$B$13=""),"",'Customer Information'!$B$20+IF('Customer Information'!$B$13="Enterprise",H14,I14)-IF(IF('Customer Information'!$B$13="Enterprise",H14,I14)=0,0,1)) | K14: Not started
A15: 7 | B15: 0. Intake & Setup | C15: Assign Project Owner (CSM) and Project Manager (CS Manager) | D15: Enterprise: dedicated CSM · Growth: CSM from the pool. Both must be set for overdue escalations to work | E15: Agent 1 | F15: Agent 1 – Intake (auto) | G15: No | H15: 0 | I15: 0 | J15: =IF(OR('Customer Information'!$B$20="",'Customer Information'!$B$13=""),"",'Customer Information'!$B$20+IF('Customer Information'!$B$13="Enterprise",H15,I15)-IF(IF('Customer Information'!$B$13="Enterprise",H15,I15)=0,0,1)) | K15: Not started
A16: 8 | B16: 0. Intake & Setup | C16: Create shared Slack channel with tier-specific name, topic and welcome message | D16: Channel name/topic/welcome personalised by tier and customer | E16: Agent 2 | F16: Agent 2 – Communication (auto) | G16: No | H16: 0 | I16: 0 | J16: =IF(OR('Customer Information'!$B$20="",'Customer Information'!$B$13=""),"",'Customer Information'!$B$20+IF('Customer Information'!$B$13="Enterprise",H16,I16)-IF(IF('Customer Information'!$B$13="Enterprise",H16,I16)=0,0,1)) | K16: Not started
A17: 9 | B17: 0. Intake & Setup | C17: Invite customer contact to the Slack channel | D17: Slack Connect invite sent · confirm the customer joined | E17: Agent 2 / CSM | F17: Agent 2 – Communication (auto) | G17: No | H17: 1 | I17: 1 | J17: =IF(OR('Customer Information'!$B$20="",'Customer Information'!$B$13=""),"",'Customer Information'!$B$20+IF('Customer Information'!$B$13="Enterprise",H17,I17)-IF(IF('Customer Information'!$B$13="Enterprise",H17,I17)=0,0,1)) | K17: Not started
A18: 10 | B18: 0. Intake & Setup | C18: Internal handover call AE → CSM | D18: Deal context · stakeholders · commitments made in the sales cycle · risks | E18: CSM | F18: Manual | G18: No | H18: 2 | I18: 1 | J18: =IF(OR('Customer Information'!$B$20="",'Customer Information'!$B$13=""),"",'Customer Information'!$B$20+IF('Customer Information'!$B$13="Enterprise",H18,I18)-IF(IF('Customer Information'!$B$13="Enterprise",H18,I18)=0,0,1)) | K18: Not started
A19: 11 | B19: 0. Intake & Setup | C19: Verify the Rocketlane project set-up | D19: Correct template and dates · owner & manager set · overdue escalation automation active | E19: CS Manager | F19: Manual | G19: No | H19: 2 | I19: 1 | J19: =IF(OR('Customer Information'!$B$20="",'Customer Information'!$B$13=""),"",'Customer Information'!$B$20+IF('Customer Information'!$B$13="Enterprise",H19,I19)-IF(IF('Customer Information'!$B$13="Enterprise",H19,I19)=0,0,1)) | K19: Not started
A20: 12 | B20: 1. Kickoff | C20: Schedule kickoff call | D20: Invite customer stakeholders · share agenda | E20: CSM | F20: Manual | G20: Yes | H20: 3 | I20: 2 | J20: =IF(OR('Customer Information'!$B$20="",'Customer Information'!$B$13=""),"",'Customer Information'!$B$20+IF('Customer Information'!$B$13="Enterprise",H20,I20)-IF(IF('Customer Information'!$B$13="Enterprise",H20,I20)=0,0,1)) | K20: Not started
... A38: 30 | B38: 5. Handoff & Close | C38: Share the go-live win internally | D38: Post in the team's wins channel (customer, tier, days to go-live) | E38: CSM | F38: Manual | G38: No | H38: 30 | I38: 14 | J38: =IF(OR('Customer Information'!$B$20="",'Customer Information'!$B$13=""),"",'Customer Information'!$B$20+IF('Customer Information'!$B$13="Enterprise",H38,I38)-IF(IF('Customer Information'!$B$13="Enterprise",H38,I38)=0,0,1)) | K38: Not started

Sheet Tier Differences
A1: Enterprise vs Growth
A3: Aspect | B3: Enterprise | C3: Growth
A4: Onboarding length | B4: 30 days | C4: 14 days
A5: CSM model | B5: Dedicated CSM | C5: Pooled CSM
A6: Rocketlane template | B6: NovaCRM Onboarding – Enterprise (30d) | C6: NovaCRM Onboarding – Growth (14d)
A7: Slack channel name | B7: nova-ent-<customer> | C7: nova-<customer>
A8: Kickoff | B8: Kickoff call by day 4 | C8: Kickoff call by day 2
A9: Data migration | B9: Full migration incl. activities; sandbox test | C9: Core objects; sandbox test
A10: Configuration | B10: Custom pipelines, fields and automations | C10: Standard configuration set
A11: Integrations | B11: Email/calendar + agreed custom integrations | C11: Email/calendar sync
A12: Training | B12: Role-based sessions (admins, managers, reps) | C12: One group session + recordings
A13: Hypercare | B13: 3 days | C13: 2 days
A14: Data sign-off before go-live | B14: Required (customer) | C14: Required (customer)

Sheet Escalation & Guardrails
A1: Escalation rules and guardrails
A3: Rule | B3: Where | C3: Trigger | D3: Action
A4: Overdue – level 1 | B4: Rocketlane automation (both templates) | C4: Task overdue by 1 day | D4: Notify the Project Manager (CS Manager)
A5: Overdue – level 2 | B5: Rocketlane automation (both templates) | C5: Task overdue by 4 days | D5: Notify the Project Owner (CSM)
A6: Blocked task (assumption – to confirm) | B6: Process / Rocketlane | C6: Task status Blocked for more than 3 days | D6: CSM flags it in Rocketlane; CS Manager reviews blocked tasks daily. Open question to Rocketlane: should blocked-but-not-overdue tasks also escalate?
A7: Missing deal details | B7: Agent 1 | C7: Required field missing in the AE's email | D7: Ask the AE for the missing details; no project until complete
A8: Plan tier not confirmed | B8: Agent 1 | C8: No answer / unclear / no read-back after 3 calls | D8: Escalate to CS Manager to set the tier manually; never assume a tier
A9: Data not verified | B9: Checklist task 19 / Rocketlane dependency | C9: Go-live attempted before customer data sign-off | D9: Go-live task is blocked by the dependency on task 19
A10: Wrong template | B10: Agent 1 + plan tier config | C10: Template chosen manually | D10: Template always comes from the confirmed tier; CS Manager verifies in task 11
A11: Audit trail | B11: All agents | C11: Every agent action | D11: Logged with timestamp, inputs, outputs and decision rationale
